Name,Symbol,Last,Chg. %,Market Cap,Vol.,,
Apple,AAPL,112.28,3.75%,1.92T,149.98M,,
Microsoft,MSFT,207.82,2.28%,1.57T,29.44M,,
Alphabet C,GOOG,1444.96,1.17%,982.81B,1.32M,,
Alphabet A,GOOGL,1439.06,1.14%,978.80B,1.52M,,
Facebook,FB,254.82,2.12%,725.94B,18.35M,,
NVIDIA,NVDA,514.95,4.26%,317.72B,14.70M,,
Adobe,ADBE,479.78,2.59%,230.16B,2.54M,,
Intel,INTC,49.94,1.59%,212.39B,26.63M,,
Cisco,CSCO,38.45,1.59%,162.78B,22.97M,,
Broadcom,AVGO,356.8,1.21%,144.33B,1.82M,,
Qualcomm,QCOM,114.5,2.06%,129.19B,11.72M,,
Texas Instruments,TXN,138.32,1.19%,126.69B,3.04M,,
Zoom Video,ZM,496.5,6.78%,119.49B,12.91M,,
AMD,AMD,78.06,2.95%,91.64B,48.21M,,
Intuit,INTU,318.5,3.21%,83.39B,1.24M,,
Fiserv,FISV,102.13,3.92%,68.39B,4.46M,,
Equinix,EQIX,751.32,2.40%,66.53B,251.11K,,
NetEase,NTES,472.14,0.41%,64.99B,336.79K,,
Activision Blizzard,ATVI,80.98,1.62%,62.51B,4.95M,,
Micron,MU,49.14,-0.67%,54.59B,17.77M,,
Applied Materials,AMAT,58.23,0.76%,53.16B,6.54M,,
Workday,WDAY,215.78,3.40%,51.14B,1.22M,,
Autodesk,ADSK,227.8,3.10%,49.95B,1.05M,,
Atlassian Corp Plc,TEAM,181.29,3.13%,44.04B,690.45K,,
Illumina,ILMN,299.89,4.74%,43.89B,4.34M,,
Baidu,BIDU,123.79,0.02%,42.66B,3.21M,,
Analog Devices,ADI,113.48,0.71%,41.94B,2.29M,,
DocuSign,DOCU,212.36,4.17%,38.97B,3.45M,,
Electronic Arts,EA,131.19,1.45%,37.89B,1.92M,,
Cognizant A,CTSH,68.08,1.76%,36.92B,2.76M,,
LM Ericsson B ADR,ERIC,10.48,-0.10%,34.62B,7.77M,,
NXP,NXPI,119.83,0.56%,33.46B,2.04M,,
CoStar,CSGP,840,2.55%,33.07B,165.40K,,
Synopsys,SNPS,208.5,3.47%,31.64B,808.70K,,
Splunk,SPLK,184.89,5.10%,29.66B,1.87M,,
KLA-Tencor,KLAC,187.91,1.83%,29.15B,906.86K,,
Cadence Design,CDNS,103.72,1.57%,28.92B,2.41M,,
Okta,OKTA,216.2,5.71%,26.94B,1.68M,,
ANSYS,ANSS,312.16,2.55%,26.78B,361.33K,,
Match Group,MTCH,105.75,2.24%,25.55B,1.85M,,
Marvell,MRVL,38.05,0.40%,25.50B,5.83M,,
Microchip,MCHP,99.05,1.33%,25.01B,1.43M,,
Datadog,DDOG,90.65,2.58%,24.64B,1.62M,,
Xilinx,XLNX,100.35,1.35%,24.52B,1.31M,,
Copart,CPRT,104.26,2.21%,24.47B,1.01M,,
VeriSign,VRSN,205.58,1.77%,23.61B,423.11K,,
Skyworks,SWKS,138,2.07%,23.05B,1.91M,,
Zillow C,Z,101.27,3.54%,22.99B,2.62M,,
Zillow Group Inc,ZG,101.2,3.86%,22.97B,758.67K,,
Yandex,YNDX,63.33,2.59%,22.17B,3.20M,,
Trade Desk,TTD,473.17,4.41%,22.12B,712.92K,,
Crowdstrike Holdings,CRWD,136.39,1.86%,21.87B,3.44M,,
Cerner,CERN,69.31,2.71%,21.17B,1.32M,,
Take-Two,TTWO,165.78,1.52%,18.96B,829.78K,,
Fortinet,FTNT,116.81,1.13%,18.90B,898.48K,,
Coupa Software,COUP,272.93,3.20%,18.31B,809.68K,,
Akamai,AKAM,111.47,0.91%,18.14B,1.15M,,
Zscaler,ZS,138.27,2.76%,18.05B,1.71M,,
Garmin,GRMN,93.55,0.94%,17.89B,536.14K,,
Maxim,MXIM,65.53,0.88%,17.49B,2.28M,,
Check Point Software,CHKP,120.19,1.70%,16.85B,575.78K,,
Citrix Systems,CTXS,136.13,1.70%,16.82B,749.51K,,
CDW Corp,CDW,112.74,2.09%,16.08B,688.63K,,
SS&Cs,SSNC,60.52,2.06%,15.59B,669.29K,,
Zoominfo,ZI,39.21,12.90%,15.13B,5.17M,,
StoneCo,STNE,53.13,1.35%,14.74B,2.01M,,
Bilibili,BILI,42.2,0.74%,14.66B,2.58M,,
Qorvo Inc,QRVO,125.63,0.51%,14.35B,993.84K,,
iQIYI,IQ,23.29,-2.14%,14.13B,5.12M,,
Zebra,ZBRA,257.46,2.71%,13.73B,250.59K,,
MongoDB,MDB,233.18,6.69%,13.55B,1.56M,,
Nice ADR,NICE,223.76,2.86%,13.50B,216.38K,,
ChipMOS Tech,IMOS,18.53,-1.67%,13.48B,13.60K,,
Teradyne,TER,77.72,1.85%,12.90B,1.74M,,
Wix.Com Ltd,WIX,248.25,-0.08%,12.79B,531.94K,,
GDS Holdings,GDS,81,3.98%,12.53B,956.11K,,
Seagate,STX,48.22,1.69%,12.37B,1.84M,,
NortonLifeLock Inc,NLOK,20.9,2.15%,12.35B,4.22M,,
Jack Henry&Associates,JKHY,161,2.14%,12.34B,577.33K,,
Logitech,LOGI,73.14,-0.11%,12.27B,641.00K,,
Trimble,TRMB,47.85,1.64%,11.97B,2.06M,,
Monolithic,MPWR,265.18,2.15%,11.91B,242.91K,,
Western Digital,WDC,38.47,2.50%,11.64B,3.85M,,
Open Text,OTEX,41.91,1.48%,11.41B,344.47K,,
Cognex,CGNX,61.65,0.75%,10.67B,875.74K,,
SolarEdge Technologies Inc,SEDG,200.96,4.81%,10.07B,996.55K,,
IAC/InterActiveCorp,IAC,115.3,1.68%,9.84B,530.39K,,
Zynga,ZNGA,8.96,1.24%,9.64B,15.30M,,
Pegasystems,PEGA,118.86,2.47%,9.56B,215.76K,,
PTC,PTC,81.68,1.74%,9.48B,1.24M,,
Nuance Communications,NUAN,33.14,2.92%,9.36B,4.23M,,
NetApp,NTAP,41.96,1.13%,9.32B,1.61M,,
Enphase,ENPH,73.62,6.07%,9.28B,2.39M,,
Cypress,CY,23.82,0%,8.90B,0,,
LYFT,LYFT,27.53,2.84%,8.90B,5.47M,,
IPG Photonics,IPGP,164.98,0.93%,8.79B,169.12K,,
Aspen,AZPN,127.75,2.68%,8.65B,229.49K,,
Sunrun Inc,RUN,66.46,9.62%,8.43B,5.75M,,
ON Semiconductor,ON,20.49,0.89%,8.42B,5.17M,,
Five9,FIVN,125.02,3.07%,8.17B,921.29K,,
Paylocity Holdng,PCTY,151.73,4.53%,8.17B,219.60K,,
Universal Display,OLED,172.12,1.41%,8.11B,229.84K,,
Stars Group,TSG,27.31,0%,8.11B,0,,
Dropbox,DBX,19.15,1.97%,7.92B,4.10M,,
Weibo Corp,WB,32.54,-5.74%,7.82B,1.75M,,
Amdocs,DOX,57.52,0.58%,7.65B,480.44K,,
F5 Networks,FFIV,119.99,0.91%,7.34B,476.53K,,
Ncino,NCNO,79.79,1.26%,7.19B,134.44K,,
Mellanox,MLNX,124.89,0%,7.00B,0,,
Vroom,VRM,49.53,0.86%,6.98B,2.07M,,
Kingsoft Cloud,KC,28.57,-3.71%,6.75B,3.31M,,
First Solar,FSLR,63.05,2.85%,6.68B,3.34M,,
Cree,CREE,60.02,1.61%,6.59B,564.99K,,
HD Supply,HDS,40.56,2.81%,6.58B,1.46M,,
YY A,YY,77.09,-0.91%,6.29B,396.62K,,
Proofpoint,PFPT,105.49,2.68%,6.08B,330.78K,,
RealPage,RP,59.15,2.07%,6.03B,427.07K,,
Manhattan Associates,MANH,94.28,1.58%,5.99B,181.86K,,
Bruker,BRKR,39.16,2.14%,5.99B,419.49K,,
MKS Instruments,MKSI,107.54,-0.48%,5.93B,371.66K,,
Bigcommerce,BIGC,79.99,3.16%,5.89B,1.25M,,
Medidata,MDSO,92.22,0%,5.76B,0,,
Lumentum Holdings Inc,LITE,74.2,1.60%,5.58B,912.99K,,
Elbit Systems,ESLT,120.72,0.77%,5.34B,10.29K,,
CDK Global Holdings LLC,CDK,43.61,2.61%,5.30B,975.64K,,
Flex,FLEX,10.53,-1.86%,5.27B,3.38M,,
Tech Data,TECD,144.9,0%,5.17B,0,,
ANGI Homeservices,ANGI,10.28,4.90%,5.10B,3.05M,,
Blackline,BL,89.24,5.11%,5.08B,594.66K,,
Appfolio Inc,APPF,142.8,1.78%,4.90B,139.76K,,
Schrodinger,SDGR,49.16,4.89%,4.71B,1.13M,,
DouYu,DOYU,14.16,-0.91%,4.65B,1.91M,,
National Instruments,NATI,35.14,1.38%,4.62B,989.02K,,
FLIR Systems,FLIR,35.24,1.73%,4.62B,941.87K,,
Descartes Systems,DSGX,53.33,1.54%,4.50B,76.71K,,
Plug Power,PLUG,11.65,3.65%,4.40B,18.82M,,
Mercury,MRCY,77.86,2.45%,4.36B,232.23K,,
Nutanix,NTNX,21.78,2.45%,4.35B,1.50M,,
Everbridge,EVBG,124.94,1.93%,4.32B,405.32K,,
Silicon Labs,SLAB,96.7,1.67%,4.24B,201.93K,,
LogMeIn,LOGM,86.04,0%,4.22B,0,,
Bandwidth,BAND,174.23,6.78%,4.21B,845.02K,,
Appian,APPN,60.02,4.62%,4.19B,367.77K,,
Stampscom,STMP,238.03,0.86%,4.18B,213.72K,,
Jamf,JAMF,34.24,-0.44%,4.16B,165.30K,,
II-VI,IIVI,40.05,1.47%,4.15B,986.02K,,
Littelfuse,LFUS,169.55,0.42%,4.13B,54.25K,,
Inovalon Holdings Inc,INOV,26.07,4.95%,4.05B,497.07K,,
Integra,IART,46.95,3.14%,3.96B,500.65K,,
Berkeley Lights,BLI,66.6,-2.12%,3.91B,97.40K,,
Change Healthcare,CHNG,13.96,1.90%,3.90B,887.54K,,
Qualys,QLYS,99.19,1.69%,3.89B,254.83K,,
Lattice,LSCC,28.07,1.50%,3.79B,565.18K,,
Agora,API,46.48,-2.80%,3.79B,280.90K,,
Cyberark Software,CYBR,99.39,1.28%,3.78B,228.78K,,
Tenable,TENB,37.31,3.75%,3.78B,652.24K,,
Cirrus,CRUS,63.02,2.45%,3.68B,912.26K,,
Varonis Systems,VRNS,113.69,2.05%,3.59B,249.46K,,
Ballard,BLDP,14.26,0.28%,3.48B,2.99M,,
Vertex,VERX,22.76,4.84%,3.41B,286.32K,,
LivePerson,LPSN,51.04,3.66%,3.38B,472.09K,,
Semtech,SMTC,51.23,1.86%,3.34B,436.42K,,
Brooks Automation,BRKS,44.94,1.49%,3.31B,298.73K,,
j2 Global,JCOM,69.41,0.23%,3.30B,274.64K,,
Rackspace,RXT,18.34,2.57%,3.30B,735.80K,,
Vicor,VICR,75.27,0.39%,3.24B,120.51K,,
Power Integrations,POWI,52.76,0.86%,3.15B,285.34K,,
SVMK,SVMK,22.37,4.29%,3.14B,2.30M,,
Rapid7 Inc,RPD,60.82,2.34%,3.10B,322.48K,,
Verint,VRNT,46.96,0.97%,3.07B,211.41K,,
Omnicell,OMCL,71.34,0.89%,3.05B,255.02K,,
Altair Engineering,ALTR,41.43,3.89%,3.03B,176.30K,,
ACI Worldwide,ACIW,25.24,1.24%,2.94B,893.61K,,
Momo Inc,MOMO,13.83,-0.29%,2.90B,2.71M,,
Liberty Expedia,LEXEA,50.42,0%,2.89B,0,,
Mimecast Ltd,MIME,45.27,2.49%,2.87B,273.23K,,
FireEye,FEYE,12.68,1.28%,2.86B,1.59M,,
Acacia Com,ACIA,67.74,-0.25%,2.85B,504.83K,,
Finisar,FNSR,23.77,0%,2.85B,0,,
ManTech,MANT,69.57,1.24%,2.81B,161.86K,,
Blackbaud,BLKB,56.77,0.85%,2.81B,338.00K,,
Liberty Expedia B,LEXEB,47.9,0%,2.75B,0,,
SINA Corp,SINA,40.19,-0.67%,2.75B,694.06K,,
Alarm.com Holdings,ALRM,55.04,2.41%,2.70B,189.93K,,
Liberty Tripadvisor,LTRPB,35.77,-2.19%,2.69B,2.42K,,
Synaptics,SYNA,78.22,-0.15%,2.68B,311.76K,,
SPS Commerce,SPSC,76.13,2.53%,2.67B,209.07K,,
Digital Turbine,APPS,30.38,0.30%,2.66B,2.25M,,
Viavi Solutions,VIAV,11.56,0.48%,2.64B,1.08M,,
Amkor,AMKR,10.91,-0.09%,2.63B,715.96K,,
Diodes,DIOD,50.82,0.14%,2.63B,231.19K,,
Franklin Electric,FELE,56.78,0.26%,2.62B,114.36K,,
Coherent,COHR,107.65,1.30%,2.61B,147.02K,,
21Vianet,VNET,20.52,2.91%,2.60B,799.83K,,
Avnet,AVT,25.48,0.20%,2.52B,426.09K,,
Baozun Inc,BZUN,32.73,-0.21%,2.51B,901.45K,,
2U Inc,TWOU,35.11,5.56%,2.50B,1.24M,,
CarGurus,CARG,21.95,-0.20%,2.48B,2.85M,,
Pluralsight,PS,16.98,3.41%,2.45B,497.15K,,
TTEC,TTEC,52.25,0.48%,2.44B,115.81K,,
EchoStar,SATS,24.93,-0.16%,2.44B,219.90K,,
Advanced Energy,AEIS,59.72,0.34%,2.29B,206.15K,,
Opera,OPRA,9.62,0.52%,2.29B,222.61K,,
Itron,ITRI,56.23,1.44%,2.27B,392.04K,,
Cornerstone OnDemand,CSOD,34.48,1.83%,2.22B,386.32K,,
MACOM Tech,MTSI,32,-1.33%,2.14B,512.43K,,
HMS Holdings,HMSY,23.64,0.77%,2.09B,284.85K,,
Plexus,PLXS,69.35,-0.83%,2.03B,105.88K,,
Upwork,UPWK,16.7,9.65%,2.01B,3.23M,,
Insight Enterprises,NSIT,55.54,-1.33%,1.95B,280.43K,,
Cerence,CRNC,48.05,2.13%,1.94B,760.82K,,
Sabre Corpo,SABR,6.05,6.70%,1.92B,5.27M,,
Tower,TSEM,18.03,0.95%,1.92B,165.78K,,
Carbon Black,CBLK,26,0%,1.91B,0,,
Canadian Solar Inc,CSIQ,32.18,7.63%,1.90B,2.78M,,
Bottomline,EPAY,41.97,-0.07%,1.88B,181.21K,,
CommVault,CVLT,40.06,0.56%,1.86B,213.05K,,
Cardlytics,CDLX,67.92,4.83%,1.85B,366.62K,,
FormFactor,FORM,23.94,-0.54%,1.84B,450.68K,,
SunPower,SPWR,10.66,5.13%,1.81B,3.81M,,
Sanmina,SANM,25.79,-1.75%,1.75B,461.13K,,
InterDigital,IDCC,56.61,0.27%,1.74B,104.13K,,
Materialise NV,MTLS,34.1,4.44%,1.74B,86.18K,,
Ambarella,AMBA,49.61,1.62%,1.72B,247.22K,,
Sciplay,SCPL,15.9,4.26%,1.71B,679.94K,,
MakeMyTrip,MMYT,15.91,-2.39%,1.64B,409.48K,,
Progress,PRGS,35.74,1.48%,1.61B,358.82K,,
Electronics for Imaging,EFII,36.97,0%,1.60B,0,,
Sprout Social,SPT,37.12,2.48%,1.60B,366.11K,,
NetScout,NTCT,21.18,0.76%,1.53B,884.61K,,
Rambus,RMBS,13.29,-0.23%,1.51B,343.44K,,
Virtusa,VRTU,48.5,-0.02%,1.47B,364.98K,,
Sapiens,SPNS,29.31,2.20%,1.47B,100.18K,,
Cray,CRAY,35.01,0%,1.45B,0,,
Forescout Tech,FSCT,28.99,0%,1.44B,0,,
MicroStrategy,MSTR,146.13,0.05%,1.42B,169.27K,,
Perficient,PRFT,42.15,1.93%,1.40B,210.97K,,
OSI Systems,OSIS,77,-0.27%,1.39B,70.07K,,
Presidio,PSDO,16.6,0%,1.39B,0,,
Nova,NVMI,50.52,0.98%,1.39B,64.62K,,
Simulations Plus,SLP,70.98,7.48%,1.39B,454.31K,,
Kulicke&Soffa,KLIC,22.09,-1.07%,1.37B,255.81K,,
Super Micro Computer,SMCI,25.71,1.14%,1.35B,212.67K,,
CSG Systems,CSGS,40.65,1.55%,1.34B,152.78K,,
Sohu.Com,SOHU,17.06,-1.39%,1.34B,195.44K,,
Sykes,SYKE,33.28,2.02%,1.33B,197.63K,,
NIC,EGOV,19.68,0.36%,1.32B,243.90K,,
Gan,GAN,15.69,3.84%,1.32B,652.92K,,
Allscripts,MDRX,8.06,4.13%,1.31B,1.33M,,
Silicon Motion,SIMO,38.31,3.79%,1.30B,459.30K,,
So-Young,SY,11.76,-0.59%,1.27B,135.83K,,
Glu Mobile,GLUU,7.39,-0.14%,1.26B,3.05M,,
Talend,TLND,39.16,-0.05%,1.26B,191.71K,,
Mesa Labs,MLAB,244.7,1.66%,1.25B,26.63K,,
Health Catalyst,HCAT,36.03,2.33%,1.24B,570.74K,,
Xperi,XPER,11.38,0%,1.23B,646.70K,,
TTM,TTMI,11.12,0.82%,1.19B,973.39K,,
Formula Systems ADR,FORTY,77.46,0%,1.17B,0,,
TechTarget,TTGT,42.27,2.62%,1.16B,210.54K,,
Radware,RDWR,24.15,0.37%,1.12B,175.81K,,
Ontrak,OTRK,64.06,7.29%,1.11B,560.28K,,
Upland Software Inc,UPLD,37.61,2.54%,1.11B,224.69K,,
EverQuote A,EVER,40.43,8.04%,1.11B,283.06K,,
Infinera,INFN,5.84,-0.51%,1.09B,1.27M,,
Domo,DOMO,37.57,4.04%,1.08B,284.65K,,
Sitime Corp,SITM,78.27,2.23%,1.08B,107.01K,,
Quanterix,QTRX,32.77,3.80%,1.03B,122.09K,,
FARO,FARO,57.15,1.98%,1.02B,61.86K,,
AudioCodes,AUDC,31.53,3.58%,980.90M,167.26K,,
ePlus,PLUS,72.12,-1.26%,977.47M,37.30K,,
Secureworks,SCWX,11.68,-6.34%,959.40M,146.75K,,
Tabula Rasa HealthCare,TRHC,40.59,5.43%,931.96M,221.68K,,
nLIGHT,LASR,23.5,1.08%,913.54M,566.14K,,
Gravity Co,GRVY,132.49,1.44%,907.60M,31.96K,,
NETGEAR,NTGR,29.61,-1.23%,885.44M,216.04K,,
Ebang Intl,EBON,9.85,2.50%,880.56M,483.20K,,
QAD A,QADA,41.24,-1.10%,853.49M,102.85K,,
Ultra Cleans,UCTT,20.85,-1%,842.34M,424.06K,,
Onespan,OSPN,20.76,2.52%,837.57M,178.14K,,
CEVA,CEVA,37.68,1.07%,834.94M,151.43K,,
Monotype,TYPE,19.84,0%,833.28M,0,,
Nextgen Healthcare,NXGN,12.23,3.12%,815.37M,253.07K,,
Carbonite,CARB,22.98,0%,798.15M,0,,
TiVo,TIVO,6.09,0%,777.69M,0,,
MobileIron,MOBL,6.64,19.86%,776.11M,10.18M,,
GreenSky,GSKY,4.15,0.97%,756.90M,424.97K,,
Endurance Intl,EIGI,5.3,3.92%,745.91M,277.99K,,
Axcelis,ACLS,21.52,-1.82%,720.17M,274.00K,,
Tucows Inc.,TCX,67.77,-0.34%,718.60M,22.14K,,
Magnite,MGNI,6.46,4.03%,712.22M,1.25M,,
Limelight,LLNW,5.78,1.76%,705.58M,1.69M,,
Cohu,COHU,16.8,0.24%,703.30M,154.94K,,
Majesco,MJCO,16,0%,693.96M,0,,
PDF Solutions,PDFS,19,0.74%,693.90M,88.34K,,
Trivago,TRVG,1.54,0%,692.47M,276.31K,,
Stratasys Ltd,SSYS,12.08,0.12%,657.65M,830.46K,,
Accelerate Diagnostics,AXDX,11.5,10.58%,648.09M,365.39K,,
Conduent,CNDT,3.09,1.64%,646.52M,1.38M,,
QAD B,QADB,31.13,0%,644.26M,0,,
Photronics,PLAB,9.8,-0.20%,643.50M,468.40K,,
Hollysys Automation Tech,HOLI,10.62,-0.09%,642.90M,182.27K,,
Control4 Co,CTRL,23.91,0%,637.46M,0,,
Jiayin,JFIN,2.9,1.75%,626.69M,69.68K,,
Smart Global,SGH,25.82,-1.03%,623.79M,147.55K,,
Ebix,EBIX,19.93,3.26%,616.09M,231.41K,,
Magic,MGIC,12.41,0.65%,603.29M,23.55K,,
Changyoucom,CYOU,10.74,0%,590.62M,0,,
Himax,HIMX,3.35,-0.89%,581.98M,498.81K,,
Impinj,PI,25.46,1.76%,581.90M,155.38K,,
Camtek,CAMT,15,1.15%,574.25M,37.38K,,
Agilysys,AGYS,24.32,2.83%,573.70M,74.34K,,
Veeco,VECO,11.52,0.79%,571.61M,779.10K,,
FuelCell Energy,FCEL,2.29,0.44%,548.17M,5.57M,,
Ribbon Com,RBBN,3.72,0.27%,539.95M,284.62K,,
111 Inc,YI,6.12,1.49%,537.81M,8.88K,,
AGM A,AGMH,15.9,3.25%,535.85M,3.83K,,
Truecar Inc,TRUE,4.85,-0.21%,523.84M,988.86K,,
Bluecity,BLCT,9.76,0.93%,520.51M,30.24K,,
Harmonic,HLIT,5.21,-2.80%,507.61M,516.38K,,
Mitek,MITK,12.29,1.15%,507.43M,400.76K,,
Fluidigm,FLDM,7.07,-1.05%,504.21M,3.14M,,
ScanSource,SCSC,19.03,0%,482.63M,105.84K,,
ADTRAN,ADTN,9.93,1.27%,476.22M,130.56K,,
Extreme,EXTR,3.88,2.11%,475.47M,841.88K,,
Meet Group,MEET,6.29,0%,458.26M,0,,
Boingo,WIFI,10.29,4.57%,457.58M,530.40K,,
American Software,AMSWA,14,2.04%,454.72M,133.64K,,
PCM,PCMI,35.01,0%,431.60M,0,,
Blucora,BCOR,8.82,0%,423.69M,250.99K,,
Digi,DGII,14.58,-0.85%,423.34M,142.44K,,
eGain,EGAN,13.06,2.43%,403.67M,217.67K,,
Renalytix AI Nas,RNLX,11.65,1.30%,402.15M,10.76K,,
Adesto Technologies Corp,IOTS,12.54,0%,391.87M,0,,
Brightcove,BCOV,9.94,2.05%,391.78M,142.13K,,
Computer Programs&Systems,CPSI,26.49,2.32%,384.43M,50.15K,,
Allied Motion,AMOT,39.08,1.66%,380.81M,21.18K,,
Benefitfocus,BNFT,11.46,5.72%,369.71M,258.66K,,
Waitr,WTRH,3.4,7.94%,369.35M,2.21M,,
Sierra Wireless,SWIR,9.9,-0.90%,361.95M,302.24K,,
MTS Systems,MTSC,18.67,-2.40%,359.89M,123.77K,,
Grid Dynamics,GDYN,6.8,1.04%,345.72M,188.73K,,
Shotspotter,SSTI,29.82,-0.27%,340.61M,81.65K,,
Cambium Networks,CMBM,16.46,1.23%,330.85M,66.17K,,
Canaan,CAN,2,6.95%,329.02M,3.11M,,
Comtech,CMTL,13.2,-0.90%,326.46M,295.30K,,
Zix,ZIXI,5.69,5.18%,324.52M,511.00K,,
MTBC Pref,MTBCP,25.6,0.13%,323.70M,20.83K,,
Akoustis Tech,AKTS,8.33,3.61%,318.69M,410.94K,,
Gilat,GILT,5.63,0%,314.56M,57.42K,,
Casa Systems,CASA,3.78,-0.53%,314.25M,202.72K,,
Alpha & Omega Semiconductor,AOSL,12.3,3.36%,311.28M,141.98K,,
American Superconductor,AMSC,13.38,11.41%,308.21M,554.59K,,
DSP Group,DSPG,12.75,0.79%,299.82M,96.04K,,
Allot Communications,ALLT,8.68,-0.69%,294.06M,159.45K,,
Wanda Sports,WSG,1.83,-1.08%,281.58M,9.82K,,
Kimball Electronics,KE,11.2,-1.06%,279.86M,60.26K,,
Fronteo,FTEO,5.59,0%,277.87M,0,,
Powell Industries,POWL,23.77,-0.08%,276.08M,41.67K,,
Microvision,MVIS,1.91,4.37%,274.77M,4.14M,,
Clearfield,CLFD,19.03,1.66%,259.70M,56.44K,,
IBEX,IBEX,13.75,26.61%,259.35M,544.31K,,
Nanthealth,NH,2.27,6.07%,252.02M,179.11K,,
CalAmp,CAMP,7.33,-7.10%,251.89M,687.36K,,
Wrap Tech,WRTC,6.86,2.24%,250.72M,750.11K,,
Turtle Beach,HEAR,16.87,1.20%,246.21M,301.35K,,
Applied Opt,AAOI,10.73,2.98%,244.36M,275.50K,,
Pintec Tech,PT,0.82,-5.19%,242.26M,44.03K,,
NVE Corporation,NVEC,50,1.24%,241.75M,15.85K,,
Liquidity Services,LQDT,6.82,0.15%,232.19M,190.24K,,
Ideanomics,IDEX,0.97,11.69%,230.18M,13.52M,,
Red Violet,RDVT,18.94,2.05%,229.89M,27.78K,,
Rimini Street,RMNI,3.29,0.61%,227.74M,117.12K,,
Silicom,SILC,32.34,2.70%,226.69M,7.04K,,
Xunlei Ltd Adr,XNET,3.43,3.31%,225.64M,135.06K,,
CyberOptics,CYBE,29.97,0%,217.37M,31.43K,,
Transcat,TRNS,29.18,-0.38%,216.33M,7.21K,,
Digimarc,DMRC,16.84,3.95%,213.15M,84.98K,,
Lizhi,LIZI,2.45,-2.39%,206.39M,77.37K,,
AXT,AXTI,4.93,0.20%,202.12M,242.26K,,
DASAN Zhone,DZSI,9.3,4.61%,200.70M,32.02K,,
Atomera,ATOM,10.12,7.09%,200.64M,337.71K,,
Ceragon,CRNT,2.37,4.41%,192.29M,231.01K,,
Immersion Corp,IMMR,6.92,1.69%,185.90M,269.38K,,
EXFO,EXFO,3.27,0.31%,182.65M,3.78K,,
VOXX,VOXX,7.59,1.88%,181.54M,109.83K,,
Luna,LUNA,5.85,-1.35%,180.17M,117.17K,,
Quantum,QMCO,4.48,3.70%,178.79M,142.22K,,
Daktronics,DAKT,3.97,-1.98%,177.12M,261.63K,,
Qutoutiao,QTT,2.41,0.42%,174.17M,1.23M,,
Wealthbridge Acquisition,SJ,6,-0.83%,174.00M,6.42K,,
ID Systems,PWFL,5.54,0.36%,172.37M,50.66K,,
Priority Tech,PRTH,2.52,0.40%,169.13M,37.35K,,
China Index Holdings,CIH,1.4,-4.11%,166.01M,24.19K,,
Perion Network,PERI,6.44,3.54%,165.87M,108.33K,,
KVH Industries,KVHI,9.11,4.47%,164.08M,184.45K,,
CBAK Energy,CBAT,2.45,81.48%,159.62M,198.51M,,
Rekor Systems,REKR,5.67,2.35%,154.75M,260.58K,,
AudioEye,AEYE,15.76,1.87%,153.06M,86.68K,,
MAM,MAMS,12.12,0%,153.01M,0,,
Smith Micro Software,SMSI,3.65,0.83%,150.95M,248.73K,,
Synchronoss,SNCR,3.06,-0.97%,139.95M,572.20K,,
Bel Fuse A,BELFA,10.89,8.46%,134.85M,670,,
Lantronix,LTRX,4.75,2.37%,134.39M,204.82K,,
GSI Technology,GSIT,5.66,-1.05%,133.62M,14.63K,,
ServiceSource,SREV,1.39,6.11%,132.91M,165.29K,,
Intevac,IVAC,5.49,3.20%,129.76M,29.76K,,
Radcom,RDCM,9.36,6.06%,129.04M,15.96K,,
GTY Tech A,GTYH,2.38,3.48%,128.27M,32.88K,,
PFSweb,PFSW,6.35,6.72%,128.24M,88.16K,,
Riot Blockchain,RIOT,2.68,-0.37%,127.04M,3.69M,,
Bel Fuse B,BELFB,10.26,2.40%,126.99M,29.69K,,
Airgain,AIRG,13.08,-0.76%,126.27M,26.16K,,
Intellicheck Mobilisa,IDN,6.76,4%,123.91M,85.13K,,
Liberty Tri,LTRPA,1.63,0.62%,122.45M,935.67K,,
SharpSpring,SHSP,10.45,-0.48%,120.73M,72.19K,,
Energous Co,WATT,2.88,5.11%,119.90M,434.88K,,
Resonant Inc,RESN,2.24,1.13%,119.39M,439.34K,,
Harvard Bioscience,HBIO,2.99,8.73%,116.44M,359.24K,,
Aurora Mobile,JG,1.51,-3.21%,116.43M,11.28K,,
Remark,MARK,1.15,1.77%,114.43M,1.95M,,
Aviat,AVNW,20.62,0.59%,111.38M,20.44K,,
Asure,ASUR,6.98,1.16%,110.64M,76.58K,,
Kopin,KOPN,1.28,4.07%,108.75M,230.70K,,
MTBC,MTBC,8.51,2.90%,108.08M,129.26K,,
Tuniu Corp,TOUR,0.91,0.37%,106.37M,28.65K,,
Identive,INVE,5.85,3.17%,104.67M,81.45K,,
PC-Tel,PCTI,5.59,-0.36%,104.20M,50.34K,,
Wayside,WSTG,23.36,1.10%,102.00M,16.05K,,
Everspin Tech,MRAM,5.09,-2.12%,96.45M,107.17K,,
SMTC,SMTX,3.41,2.40%,96.21M,50.71K,,
Key Tronic,KTCC,8.86,1.37%,95.33M,9.81K,,
EMCORE,EMKR,3.24,-0.61%,95.28M,90.97K,,
Ultralife,ULBI,5.85,-2.50%,92.98M,35.02K,,
Marchex,MCHX,2.08,0.97%,92.68M,126.81K,,
Frequency Electronics,FEIM,10.05,2.14%,92.08M,12.58K,,
Park City Group,PCYG,4.64,4.04%,90.29M,33.58K,,
IEC,IEC,8.55,1.30%,90.23M,21.73K,,
Luokung Tech,LKCO,0.428,4.88%,85.31M,683.74K,,
Pareteum,TEUM,0.6412,3.94%,85.25M,588.03K,,
Borqs Tech,BRQS,1.05,8.25%,84.28M,6.63M,,
RigNet,RNET,4.1,-1.68%,84.27M,137.82K,,
Crexendo,CXDO,5.54,0.73%,84.07M,269.01K,,
Pixelworks,PXLW,2.08,0.97%,84.06M,250.95K,,
O2Micro,OIIM,3.19,3.57%,83.17M,41.96K,,
Neonode,NEON,7.71,4.05%,83.14M,117.94K,,
Nano Dimension,NNDM,1.55,-12.92%,82.52M,2.44M,,
Bionano Genomics,BNGO,0.589,-0.17%,81.52M,3.70M,,
Arotech,ARTX,2.995,0%,79.86M,0,,
Pensare Acquisition,AVCT,4,3.90%,78.54M,144.86K,,
Geospace,GEOS,5.68,-1.39%,77.61M,35.72K,,
Beam Global,BEEM,11.5,2.68%,76.91M,116.54K,,
Northern Technologies,NTIC,8.37,0.12%,76.17M,12.09K,,
Computer Task,CTG,4.89,0%,74.20M,21.93K,,
Lmp Auto,LMPX,21.94,6.92%,73.44M,144.95K,,
Amtech,ASYS,5.17,1.77%,72.63M,73.23K,,
Inspired Entertainment,INSE,2.98,0%,68.63M,63.62K,,
Sonim Technologies,SONM,0.76,-1.23%,63.95M,558.50K,,
ClearSign,CLIR,2.19,-0.91%,63.47M,106.82K,,
Cyren,CYRN,1.047,0.77%,62.79M,31.06K,,
Research Solutions,RSSS,2.39,-1.65%,62.22M,72.32K,,
Marathon Patent,MARA,1.93,10.29%,62.04M,8.30M,,
Qumu Corp,QUMU,4.58,0.88%,61.93M,53.39K,,
RumbleON,RMBL,27.67,-2.05%,61.69M,77.61K,,
Esports Entertainment,GMBL,3.91,6.83%,60.14M,192.46K,,
Flux Power Holdings,FLUX,5.4,-4.59%,59.48M,238.59K,,
Intermolecular,IMI,1.195,0%,59.46M,0,,
Digital Ally,DGLY,2.23,-3.88%,59.28M,1.83M,,
Synacor,SYNC,1.5,7.14%,59.19M,624.64K,,
The9 ADR,NCTY,0.766,-17.15%,58.85M,6.26M,,
LightPath,LPTH,2.25,-0.88%,58.53M,277.63K,,
Coda Octopus,CODA,5.42,-1.99%,58.28M,29.48K,,
Akazoo,SONG,1.16,0%,58.03M,0,,
Aware,AWRE,2.64,-2.94%,56.76M,4.76K,,
AstroNova,ALOT,7.79,2.91%,55.84M,13.64K,,
Richardson Electronics,RELL,4.22,1.69%,55.74M,10.59K,,
Innodata,INOD,2.25,1.81%,55.03M,34.75K,,
Exela Tech,XELA,0.3701,-0.59%,54.59M,2.33M,,
Boxlight A,BOXL,1.66,14.48%,52.88M,15.11M,,
GreenPro,GRNQ,0.9378,-0.76%,51.32M,99.79K,,
TESSCO,TESS,5.71,6.73%,49.75M,5.75K,,
IZEA,IZEA,0.9756,4.06%,47.23M,1.09M,,
MIND CTI,MNDO,2.34,0%,46.56M,31.95K,,
Akerna,KERN,3.6,-1.10%,46.28M,89.04K,,
Streamline,STRM,1.46,2.10%,46.17M,55.95K,,
VERB TECH,VERB,1.08,-1.82%,44.90M,372.65K,,
ClearOne,CLRO,2.35,-0.42%,44.11M,80.53K,,
Inpixon,INPX,1.01,-1.94%,42.68M,738.67K,,
Finjan Hold,FNJN,1.54,0%,42.66M,0,,
Houston Wire&Cable,HWCC,2.57,-1.91%,42.55M,9.38K,,
CLPS,CLPS,2.94,3.52%,41.89M,41.25K,,
Mogo,MOGO,1.45,-0.68%,41.81M,112.08K,,
Micronet Enertec,MICT,3.45,12.01%,41.16M,958.20K,,
Black Ridge,AESE,1.38,-1.43%,40.27M,540.04K,,
Perceptron,PRCP,4.09,-2.39%,39.76M,49.89K,,
CSP,CSPI,9,2.62%,38.50M,985,,
Precipio,PRPO,2.33,6.39%,38.27M,441.83K,,
UTStarcom,UTSI,1.06,-1.85%,38.08M,23.18K,,
Communications Systems,JCS,3.95,-1%,36.96M,5.58K,,
TransAct,TACT,4.82,-3.21%,36.38M,1.12K,,
Aehr Test Systems,AEHR,1.53,6.99%,35.64M,950.63K,,
One Stop Systems,OSS,2.14,1.90%,35.58M,63.16K,,
Polar Power,POLA,3.1,-15.99%,35.26M,6.59M,,
Voxeljet Ag,VJET,7.095,-1.66%,34.93M,4.12K,,
Sunworks,SUNW,2.09,-46.82%,34.75M,46.54M,,
QuickLogic,QUIK,3.12,0.32%,34.49M,33.57K,,
TheStreet,TST,6.44,0%,34.37M,0,,
Steel Connect,STCN,0.55,-1.87%,34.30M,40.12K,,
Phunware,PHUN,0.837,6.93%,34.29M,884.50K,,
Support.com,SPRT,1.76,2.92%,33.58M,87.10K,,
Creatd,CRTD,2.8,0.72%,33.12M,15.84K,,
SeaChange,SEAC,0.88,-0.55%,32.99M,93.10K,,
NetSol,NTWK,2.68,-2.90%,32.26M,21.07K,,
Alithya A,ALYA,2.16,0.47%,31.56M,1.02K,,
Giga Media Ltd,GIGM,2.85,-3.72%,31.50M,239.44K,,
VirTra,VTSI,3.6,2.27%,27.94M,38.08K,,
BIO-Key,BKYI,0.434,1.88%,26.23M,1.01M,,
Powerbridge,PBTS,2.09,8.29%,25.60M,85.99K,,
Asia Pacific Wire & Cable,APWC,1.71,17.12%,23.63M,6.62M,,
Super League Gaming,SLGG,1.93,4.32%,23.54M,141.19K,,
Moxian,MOXC,1.4,7.69%,22.67M,110.32K,,
HTG Molecular Diagnostics,HTGM,0.3194,4.72%,22.58M,2.29M,,
ADDvantage,AEY,1.9,-1.55%,22.40M,79.64K,,
BroadVision,BVSN,4.415,0%,22.34M,0,,
CUI Global,OEG,0.733,8.15%,22.30M,4.18M,,
Cps Technologies,CPSH,1.67,-12.57%,22.20M,429.95K,,
GSE Systems,GVP,1.01,3.06%,20.76M,46.29K,,
Cesca Therapeutics,THMO,3.08,1.99%,20.67M,40.20K,,
Eltek,ELTK,4.7,0.11%,20.59M,5.85K,,
Rubicon Tech,RBCN,8.5,-1.11%,20.45M,427,,
CVD Equipment,CVV,3.08,6.95%,20.42M,85.58K,,
Optical Cable,OCC,2.58,7.05%,19.45M,36.30K,,
Schmitt,SMIT,5.21,-0.29%,19.34M,16.07K,,
CounterPath,CPAH,3.07,2.33%,19.24M,14.66K,,
MMTEC,MTC,0.93,8.13%,18.67M,126.10K,,
Image Sensing,ISNS,3.49,0.29%,18.63M,1.38K,,
VerifyMe,VRME,3.34,0.08%,18.62M,241.35K,,
Sphere 3D,ANY,2.65,-0.38%,18.44M,157.08K,,
Ideal Power Inc,IPWR,6.3,-6.80%,18.27M,100.32K,,
Taoping,TAOP,2.42,-1.22%,18.26M,44.14K,,
China Finance,JRJC,7.51,1.62%,18.05M,150.20K,,
Westell Tech,WSTL,1.12,-0.89%,17.71M,140.21K,,
JMU,MFH,2.35,3.52%,17.60M,62.87K,,
BSQUARE,BSQR,1.31,-3.67%,17.23M,21.72K,,
Professional Diversity,IPDN,1.24,51.22%,15.90M,3.00M,,
Gridsum,GSUM,1.125,4.17%,15.40M,87.74K,,
Liquid Media,YVR,1.5,7.91%,14.67M,286.16K,,
Duos Tech,DUOT,3.83,4.79%,14.63M,1.33K,,
Summit Wireless Tech,WISA,1.85,0%,14.47M,68.53K,,
Pioneer Pow,PPSI,1.59,-13.11%,13.87M,8.77M,,
Taitron,TAIT,2.27,-1.30%,13.17M,13.61K,,
SigmaTron,SGMA,2.96,0.34%,12.56M,36.02K,,
Sigma Labs,SGLB,2.11,4.46%,12.28M,295.80K,,
NXT-ID,NXTD,0.3489,6.34%,12.21M,1.65M,,
Evolving Systems,EVOL,0.998,-2.16%,12.17M,14.99K,,
Alliance MMA,WORX,1.29,-2.27%,12.11M,462.00K,,
SemiLEDS,LEDS,3.01,8.03%,12.06M,89.20K,,
Nortech,NSYS,4.52,-1.67%,12.02M,15.06K,,
Electro-Sensors,ELSE,3.54,0.85%,12.02M,639,,
Supercom Lt,SPCB,0.719,-4.12%,11.71M,139.54K,,
SilverSun Tech,SSNT,2.51,0%,11.30M,758.97K,,
Creative Realities,CREX,1.05,-0.94%,10.94M,112.15K,,
BOS,BOSC,2.545,1.80%,10.84M,5.19K,,
Integrated Media Tech,IMTE,3.8,0.53%,10.05M,6.32K,,
TSR,TSRI,4.76,2.74%,9.33M,17.63K,,
Marin Software,MRIN,1.28,4.07%,8.91M,26.07K,,
Bridgeline Digital,BLIN,1.86,-1.59%,8.22M,46.98K,,
Superconductor,SCON,2.35,2.17%,7.41M,272.30K,,
Socket Mobile,SCKT,1.18,-0.84%,7.14M,63.31K,,
Ameri,AMRH,1.07,2.88%,6.14M,49.06K,,
Technical Communications,TCCO,3.19,2.90%,5.90M,14.20K,,
MoSys,MOSY,1.49,4.93%,5.27M,24.27K,,
MER,MTSL,1.12,0.90%,4.94M,45.51K,,
Duck Creek,DCT,42.22,3.28%,-,351.44K,,
WiMi Hologram Cloud,WIMI,5.9,8.26%,-,418.81K,,
OLB Group,OLB,3.74,5.35%,-,7.68K,,
Maxeon Solar Technologies,MAXN,14.38,7.23%,-,1.09M,,
